vid,cid,subject,text,votes,replies,is_reply,lebel1,lebel2,lebel3
wLE71i4JJiM,UgxlwfOI8grWb7wj3b14AaABAg,bio,Yes... Why was it cut mid-story!!!,0,,FALSE,irrelevant,irrelevant,irrelevant
CBezq1fFUEA,UgwkRjxiuvA8961R1sR4AaABAg,bio,I cannot be the only one in 2018 watching this for Biology???,1,1,FALSE,irrelevant,irrelevant,irrelevant
jqy0i1KXUO4,Ugi0IMpyEvNntngCoAEC.8KFSldn-6kc8KHhriuWnjX,bio,so it changes shape because of Van der Waals force?,0,,TRUE,comprehension,irrelevant,comprehension
sQK3Yr4Sc_k,Ugxm9T1D24qORXWoLZh4AaABAg,bio,thats all of the informations only ?,0,,FALSE,irrelevant,irrelevant,irrelevant
qgVFkRn8f10,UgxA5fNNVUXxt-Gix7F4AaABAg,bio,who else is here because of am exam,0,,FALSE,irrelevant,irrelevant,irrelevant
uDXH6Uu0ghc,UgxHGj_fcKG-mWBLHJ94AaABAg,bio,How do we cut the DNA?,0,1,FALSE,comprehension,knowledge,application
00jbG_cfGuQ,UgwRLQ2aYBIqLCz4V9l4AaABAg,bio,Does anyone know of a really good biology studying app game or anything like that?,0,,FALSE,irrelevant,irrelevant,irrelevant
iWaX97p6y9U,UgweLoJbSyhyS0DGGHt4AaABAg,bio,"Could you explain marsupial reproduction, either here or in scishow?",0,,FALSE,comprehension,knowledge,comprehension
vAR47-g6tlA,UgwjgiTiXl5fhCQHHGZ4AaABAg,bio,How did the enzymes not digest it?,0,1,FALSE,comprehension,irrelevant,comprehension
CAOnSbDSaOw,Ugyv0b9Ixw0L9winM7B4AaABAg.8xAWJMPaOLl9LLouKGd21F,bio,We call this sleep apnea as well?,2,,TRUE,knowledge,irrelevant,irrelevant
aTftyFboC_M,UgxMig5tgLWnqnst7jl4AaABAg,bio,"Darwin and every other important person: I made/discovered this for the goods of humanity 2018: frantically searching the internet right before a test god heckin' darn, why did it have to be this person?",0,,FALSE,irrelevant,irrelevant,irrelevant
RW46rQKWa-g,UgwxDSDevKmvC0rsabh4AaABAg,bio,anyone else here for biol1040 'study'?,0,,FALSE,irrelevant,irrelevant,irrelevant
sQK3Yr4Sc_k,UgzN9hMYy5b32tTLINB4AaABAg,bio,Why is my junior year of high school so frickin tough?,0,,FALSE,irrelevant,irrelevant,irrelevant
SIOQgY1tqrU,UgxVXyoGd9PEcZWXNvh4AaABAg.8GchykMxC5R9RTgQvyh-GO,bio,And the above comments are stoners!,4,,TRUE,irrelevant,irrelevant,irrelevant
8kK2zwjRV0M,Ugx7foXRRR5r4PoIJrZ4AaABAg,bio,So how does CRISPR relate to all this?,0,,FALSE,analysis,irrelevant,irrelevant
EyyDq19Mi3A,UgzF_o0YRGVSnac_nwx4AaABAg,bio,Is having a bedroom for your child cruelty for them?,0,,FALSE,irrelevant,irrelevant,irrelevant
ExaQ8shhkw8,UgjGCOcXMsSU8XgCoAEC.7zYo-IDs_kR7-fYI3zQpB8,bio,Or are you trying to tell me that the fruit developed from the STYLE?,4,,TRUE,irrelevant,irrelevant,irrelevant
QnQe0xW_JY4,UgzEldDaZ3Z1gK6iV0B4AaABAg,bio,If all organic compounds are carbon containing than ammonia (NH3)Isn't organic yet is a byproduct and food source for many bacteria and plants or am I wrong?,0,,FALSE,analysis,irrelevant,comprehension
_njf8jwEGRo,UgxikhNpCVO8trWxzKh4AaABAg,bio,Whats the Chaos book he keeps talking about?,0,,FALSE,irrelevant,irrelevant,irrelevant
CAOnSbDSaOw,Ugz53FMc5_ywDeQ94I94AaABAg,bio,Aren't neurotransmiteers just excitatory or inhibitory and that's all?,0,,FALSE,comprehension ,comprehension,irrelevant
7ABSjKS0hic,UgyYqPwG9mAcu5C704h4AaABAg,bio,What's your better theory on how it all happened?,0,,FALSE,analysis,irrelevant,irrelevant
8kK2zwjRV0M,UgxtDG69RZX0Vy1Dv8t4AaABAg,bio,my god can this dude stop going off on tangents?,0,,FALSE,irrelevant,irrelevant,irrelevant
oefAI2x2CQM,UgxiE8e8qEiQQ8B6Y0N4AaABAg.9H0am1tmYJSA-H8ZsVHULp,bio,Why do uh go college?,0,,TRUE,irrelevant,irrelevant,irrelevant
qCLmR9-YY7o,UgwNy74Xf8NTd99akUB4AaABAg,bio,1:36 why does he turn into an Irishman,1,,FALSE,irrelevant,irrelevant,irrelevant
cj8dDTHGJBY,Ugz5MID-rmdpPjArabt4AaABAg,bio,What are you doing looking at this!,1,,FALSE,irrelevant,irrelevant,irrelevant
P3GagfbA2vo,UgwgDD6Lrj6LrnN2McR4AaABAg.95YMAs2sE8E95ec1Di-8JC,bio,Evolution just Guesses at what might have happened !,0,,TRUE,irrelevant,irrelevant,irrelevant
P3GagfbA2vo,Ugwv7Sqi2qR6wVlz4l14AaABAg.95OyCLKoyqc95SHDoJUr3N,bio,And where is this magic Macro/Micro boundary?,3,,TRUE,comprehension,irrelevant,irrelevant
uqU9lmFztOU,UgxJBh5pr5aCLIBqay54AaABAg,bio,"Anybody know how conciousness, pain or pleasure are created by the brain?",1,1,FALSE,comprehension,irrelevant,analysis
L0k-enzoeOM,UgyFimvDy76_hikNFWR4AaABAg,bio,An easy trick to memorize the steps to Mitosis!,0,,FALSE,knowledge,irrelevant,application
oKNAzl-XN4I,UgzBR8rZ5-mIMC8pd_h4AaABAg,bio,Any written notes for these lectures?,0,,FALSE,irrelevant,irrelevant,irrelevant
aTftyFboC_M,UgyBMaImVSQIa6h5VXJ4AaABAg.8vGpeQFFguc8xUIcbTA9YF,bio,"By ""real science"" you mean creationist garbage?",0,,TRUE,irrelevant,irrelevant,irrelevant
ExaQ8shhkw8,UgighlCMZi87M3gCoAEC,bio,A tree cone is a sporophyte or gametophyte?,0,1,FALSE,knowledge,knowledge,knowledge
o_ZuWbX-CyE,UgiBJW85I8JFX3gCoAEC.8Gx132J19HB8P2xizLZry7,bio,But does that really mean the average will of the two of them is 50/50?,1,,TRUE, irrelevant,irrelevant,evaluation
SIOQgY1tqrU,UgzNOYM1DmB94Yn8O4d4AaABAg,bio,"We have been seeing a color for hundreds of thousands of years, at least, and we had NO word for it AT ALL???",0,,FALSE,irrelevant,irrelevant,irrelevant
SIOQgY1tqrU,UgxU0AZLXlMGWKDd8CV4AaABAg,bio,how apt to forget word salad during this language presentation lol!,0,,FALSE,irrelevant,irrelevant,irrelevant
2N3OPRodRvk,UgwQYOiR4XHv1Py6mEp4AaABAg,bio,Anyone else year 9/form 3?,1,,FALSE,irrelevant,irrelevant,irrelevant
qgVFkRn8f10,Ugyg7QtRNRVYYWHbZ9Z4AaABAg,bio,How about lactose free milk?,0,,FALSE,irrelevant,irrelevant,irrelevant
sQK3Yr4Sc_k,Ugw7pCZ2O77u47yR-WZ4AaABAg,bio,0:21 Developed 450 million years ago?,1,,FALSE,irrelevant,irrelevant,irrelevant
Y0Oa4Lp5fLE,Ugyo8oDg2B1peh8VCO14AaABAg,bio,Prof. Sapolsky is definitely a gifted speaker/teacher.. wish he would stop sometimes to ask questions to check if his students are capable of actual thinking beyond what theyre being told,4,,FALSE,irrelevant,irrelevant,irrelevant
x_vlxGFrZLY,Ugwho1Y8woaETEMDsbF4AaABAg,bio,if you promoter is on the 5' strand how will the RNA Polymerase bind to the 3'Strand and initiate transcription?,0,1,FALSE,comprehension,analysis,application
sQK3Yr4Sc_k,Ugz0SMtyhrH6ye0LGgZ4AaABAg.90KemA4RVnd90KepRoGC1i,bio,"Where Lord Vader failed, you shall rebound and rise, bringing my Empire to glory and order to the Galaxy!",7,,TRUE,irrelevant,irrelevant,irrelevant
8IlzKri08kk,Ugy_KY5GoDGjN4Iw6uh4AaABAg,bio,whos here but never got a chance to do cool science experiments because of the pandemic :(,0,,FALSE,irrelevant,irrelevant,irrelevant
nEnklxGAmak,UgyA_JoK5YcjIpxS1CR4AaABAg,bio,Why you always cut video at inproper moment at the end?,0,,FALSE,irrelevant,irrelevant,irrelevant
HaL1Q8f7M_o,UgwXlJ2DrSqj3vYneoV4AaABAg.9H3BRkP7phY9L9JG87915J,chem,is the other version of this course is good?,0,,TRUE,irrelevant,irrelevant,irrelevant
qlH4IhRyYs4,UgwuPrJShAD_4DvmrFJ4AaABAg,chem,Or did you come up with them yourself?,1,,FALSE,irrelevant,irrelevant,irrelevant
sTZFR02CUiE,UgyeZH5tiOBtWwuQ7nt4AaABAg,chem,"Can anyone answer this How many electrons are there for an element whose last electron has the following quantum number n=5, l=4, m=-2, s=-1/2?",0,,FALSE, application,knowledge,knowledge
2gdPI7CVmi4,UggO9ztsj22HBngCoAEC,chem,"I know that as T gets infinitely higher, the inverse log of the vapor pressure will get infinitely closer to the constant C, and that this constant is different for every liquid, but what does that actually mean?",0,,FALSE,comprehension,comprehension,analysis
ustfXi-mpkI,UgxIGUuD3d1BK_Xb-TF4AaABAg,chem,How is the value of the charge of -ve particle is equal to the value of charge of +ve particle?,0,,FALSE,comprehension,knowledge,comprehension
aGdQ-6OS1iI,UghTDUwIu41LdXgCoAEC,chem,you are explanation is awesome sir .whenever i got a doubt i go to your lectures.thank you so much sir,0,,FALSE,irrelevant,irrelevant,irrelevant
R0sw85RkKCY,UgwpmR5athCQpxWsnq14AaABAg,chem,What we need to do is start making crystal simple machines,0,,FALSE,irrelevant,irrelevant,irrelevant
V-RPM3e8Ws0,UgxGWIG1uCzl-SZK45h4AaABAg,chem,is there diffrent formulas for radial and angular nodes ?,1,2,FALSE,knowledge,irrelevant,knowledge
6cv--WcaMPQ,UgyIMeVK-qYypKmekUJ4AaABAg,chem,for vanadium why are the 3d electrons the same value(its in the n-1 row) according to your table the 3d electron should contribute 1 each to the S value  so zeff=23 - (.35+3*1+8*.85+10*1)=23 - 20.15=2.85 (for the 4s electron),9,4,FALSE,analysis,irrelevant,analysis
6BOTqvsYlNA,Ugyg-QAxY1Xl9Jlj5Et4AaABAg,chem,Are you a chem major?,1,,FALSE,irrelevant,irrelevant,irrelevant
Qg7pQ_CYaIQ,UgyPgN-qWpi-CX28ueB4AaABAg,chem,5:00 Oh you guys dont have something called 'cheating' in ur country?,1,2,FALSE,irrelevant,irrelevant,irrelevant
fFu7nNHFGiw,UgyPmM6zF7qGrodILup4AaABAg,chem,PP of NH3 is written as 10.0 atm where as in the problem it was given as 100.0 atm!,0,,FALSE,irrelevant,irrelevant,irrelevant
P34zaLtmsn0,Ugyk18LzHieSJzaCC_54AaABAg,chem,Why are they behaving these things like they do for history/literature?,10,2,FALSE,irrelevant,irrelevant,irrelevant
566Rn3XSwlg,UgwJAp0rP3BEWqLpd0B4AaABAg,chem,Do you have scholarships/discounts for students who want to have access in your test bank and other resources?,2,1,FALSE,irrelevant,irrelevant,irrelevant
RTcDkGFKkuw,Ugz83RfAJlzYeg14ET94AaABAg,chem,What's the different reactions between dilute and concentration aqueous solutions of NaCl?,0,,FALSE,analysis,analysis,analysis
Ub7eLn6ddvg,UggDyp5JX2Kp8ngCoAEC,chem,Could you help me please?,1,2,FALSE,irrelevant,irrelevant,irrelevant
iV-YnU6xGWU,Ugxaa-rwIyF6a6Eqp6t4AaABAg.A1W74r-pn10A1XOgiqwTcZ,chem,Glad for YOUR sub and Happy Studying!,0,,TRUE,irrelevant,irrelevant,irrelevant
bhPMi2IvZXs,UgwOE4cvzf_UuEsgNMV4AaABAg,chem,like the filter for dialysis that was used as an example at the end of lecture?,0,,FALSE,irrelevant,irrelevant,irrelevant
93QS5BhEN7s,Ugww9Dsp9-YLeyiyJWd4AaABAg,chem,"Hello, I would like to ask why some formulas for bp elevation and fp depression incorporate the van't Hoff factor while others don't?",0,1,FALSE, comprehension,analysis,analysis
WDgFCI_BYmo,Ugw_61Oaage7w2nkj3J4AaABAg,chem,Im new to the channel and WOW!,10,1,FALSE,irrelevant,irrelevant,irrelevant
hQk9xNU_2nU,UgyNrYIicIYtTQ_38S94AaABAg,chem,or is this a special thing for a few compounds?,0,1,FALSE,irrelevant,irrelevant,irrelevant
r20BiheYBSc,UgjcGmnjFsI-Y3gCoAEC,chem,Has anyone told you look like Liam Payn?,2,1,FALSE,irrelevant,irrelevant,irrelevant
ZjVicrRxFtM,Ugg9PxFN8kJ_dXgCoAEC,chem,"in this case,  do you have to maintain the room temp constant or even the chem reaction temp constant?",0,,FALSE,application,irrelevant,application
O192jrR80oo,UgywV-OOnnpx9bnw4794AaABAg.9Ulo7BHs43X9wRjQ12n1rh,chem,Did you set up an MO diagram for CO?,0,,TRUE,knowledge,irrelevant,application
k0pd4KhxvyQ,UgyPDik9q7kne7MMCg94AaABAg,chem,Should you pick any product to compare your reactants to?,1,1,FALSE,comprehension,irrelevant,irrelevant
h_qvUsadpjk,UgyZH_VxJcQa2AttwKd4AaABAg.A2OMHWo9KETA2QBBBWVxxm,chem,Glad you choose to spend time on the channel!,1,,TRUE,irrelevant,irrelevant,irrelevant
TChm3_OSBcI,UgxSppm1ENkbmTV8XzV4AaABAg,chem,Why or how did you know that Zn was -2 instead of S?,0,1,FALSE,comprehension,irrelevant,analysis
HiKLl5-F0PM,UgzWj_DzPR68CeDXgbZ4AaABAg.A0roU96ohuDA0ruQKoXOmF,chem,Glad the channel is helping - Happy Studying!,0,,TRUE,irrelevant,irrelevant,irrelevant
l6Bf5ktvM_g,UggAn4RU5JcvBngCoAEC,chem,Could you guys please upload the problem sets for 5.111 on the OCW webpage ?,0,,FALSE,knowledge,irrelevant,irrelevant
O192jrR80oo,Ugw3n_shOp2H3JiDqEp4AaABAg,chem,Doesn't PH3 have bond angle close to 90 degree as it has unhybridized pure p orbitals?,23,5,FALSE,comprehension,comprehension,analysis
f7RRqxv2pzg,UgyoHTwb522rpiLbkil4AaABAg,chem,Couldnt electron that is closer to the nucleus repel the other one and not only shield the positive attraction?,1,1,FALSE,knowledge,irrelevant,analysis
#NAME?,UgzJgXRjq-CZ5VbTgV54AaABAg,chem,Able to understand what is HUP after nine years great job!!!!!!!!!!!!!!!!!,0,,FALSE,irrelevant,irrelevant,irrelevant
2vfQtwYkDtg,UgwZACt5HjKFhgvMI0F4AaABAg.9wE1K8cqqmJ9wJPriNKMGs,chem,"Right......... so if i hypothetically show up to school tomorrow, I'm not gonna get bullied?",0,,TRUE,irrelevant,irrelevant,irrelevant
lLdPSLNxDqA,UgzSnj7X-CjvMkb2M-F4AaABAg.9FqAw-Qk1RM9FqR-j08NBI,chem,Best wishes on your studies!,3,,TRUE,irrelevant,irrelevant,irrelevant
Qg7pQ_CYaIQ,UgzfuJxLPvsDbDKhof54AaABAg.9ntciTaymjJ9wl3J_Fw4AA,chem,How may times did you?,0,,TRUE,irrelevant,irrelevant,irrelevant
_GB7IhyQt9A,UgxidqXpNtxhrpQ4HSt4AaABAg,chem,I was wondering if you only have to be aware of the america system if you're in America?,0,,FALSE,irrelevant,irrelevant,irrelevant
iV-YnU6xGWU,Ugw26pgJlpi6YZskkhF4AaABAg,chem,Do the molecular orbitals e.g of hydrogen or any other atomic orbitals like p orbitals are going to change their signs when they come to overlap simultaneously ?,0,3,FALSE,knowledge,irrelevant,analysis
4NZV0ZvDm5c,UgxEGMNkQCTitqwLtOp4AaABAg,chem,All is oke but diamond has very high m.p you say that Crystal has short  m.p,1,,FALSE,irrelevant,irrelevant,irrelevant
Ey25vULQ6YM,UgwG_sh9aowBsnNgtE54AaABAg,chem,other aspects like social skills and shit?,0,,FALSE,irrelevant,irrelevant,irrelevant
ustfXi-mpkI,UgwS9Wi9qXv-GTea4Th4AaABAg,chem,The fluent connections of how atomic matter were discovered in this lecture were portrayed amazingly,8,1,FALSE,irrelevant,irrelevant,irrelevant
ZjVicrRxFtM,UgyYjFdkYO7zGihrvVh4AaABAg,chem,Won't it be awkward for the lecturer?,0,,FALSE,irrelevant,irrelevant,irrelevant
BBbuj0XpaiQ,Ugztbhb8DASHlZPBIvZ4AaABAg,chem,I like khan academy's video on these topic much better and easier to follow.i find this one not interesting and easy,1,,FALSE,irrelevant,irrelevant,irrelevant
O192jrR80oo,UgwQnZhWEifDt7X90314AaABAg,chem,"Can u please explain why sigma 2p orbital energy varies with atomic number,and how did u compare energy between sigma 2p  and  pi 2p",4,,FALSE,comprehension,analysis,analysis
5BqL8x2J0_Y,UgygyL3rwRYwAEzgWIZ4AaABAg,chem,How would you compare the solubility of aluminum phosphate in water Vs different aqueous solutions (sodium acetate) (NH4NO3),0,,FALSE,analysis,analysis,analysis
3Y9TaxwcQGs,UgysL8X6eGVqYW5mQUt4AaABAg,chem,You're the Professor Leonard version of Chemistry!,2,2,FALSE,irrelevant,irrelevant,irrelevant
x4goeoHDkWk,Ugw-xy1YaQUyOA1bL594AaABAg,chem,Thank you for such clear and concise videos!,1,1,FALSE,irrelevant,irrelevant,irrelevant
YkYeYhXUeEE,Ugzqicj-u2FGyYbu3Wl4AaABAg,chem,Are the practice questions available for this course?,4,,FALSE,irrelevant,irrelevant,knowledge
M4uohHYQ0Yk,Ugw5RWpDFyD8oaP5PWl4AaABAg,chem,How to minimize ion pair effect in a solution?,0,,FALSE,knowledge,irrelevant,application
HiKLl5-F0PM,Ugz-nwfKNUZxASH28SJ4AaABAg,chem,would the exponent be a fraction?,1,1,FALSE,irrelevant,irrelevant,irrelevant
NgkGD6w2hMY,UgzHERmiaWkds5jZp0d4AaABAg,chem,All three changes: 1- Withdrawing or adding to the interaction 2-Change the volume or pressure 3- Changing the reaction temperature It will change with the concentrations of substances for the equilibrium reaction Why is it only temperature that changes the value of the equilibrium constant?,0,,FALSE,comprehension,analysis,analysis
ViIDHZb9iE8,UgzqDK_azoC-zoeICLh4AaABAg,chem,Best lecture... Love from india..,0,,FALSE,irrelevant,irrelevant,irrelevant
j6I3EXiKB2A,UgyckNfBO3nA4_eFsel4AaABAg.8eQJFEG-uIk8eQXN37PqJe,math,the rate of change of y will itself be constantly changing!,3,,TRUE,irrelevant,irrelevant,irrelevant
QLHJl2_aM5Q,Ugyk45xw56_AIsZziX54AaABAg,math,I was wondering why the integrals for the have to be evaluated to 1?,0,,FALSE,comprehension,comprehension,knowledge
#NAME?,Ugx2DDi5faohTflCYex4AaABAg,math,Who else is doing this for a ISEE or SSAT exam.,2,,FALSE,irrelevant,irrelevant,irrelevant
kdTxN4E0vbo,UgxG8ewOPd6GwiBz2Vp4AaABAg,math,How is this guy a professor in more than 10 subjects and a god in debating,4,,FALSE,irrelevant,irrelevant,irrelevant
#NAME?,Ugg9u4tDI2ri-XgCoAEC,math,"Coming from 18.06,  Finished the whole Single Variable Calculus course!",5,,FALSE,irrelevant,irrelevant,irrelevant
QVKj3LADCnA,UgxaBjn3y1qJiMDDQXp4AaABAg,math,Where can I solve problem related to this lecture,0,,FALSE,irrelevant,irrelevant,irrelevant
92WaNz9mPeY,UghuNuN9m1GE_XgCoAEC,math,Need more teachers like him,34,,FALSE,irrelevant,irrelevant,irrelevant
0oe-GqFrYFU,UgwjhNnYLnMcikiQhf54AaABAg.9SO8xUr-RbP9vsf-zPMTjS,math,"Quick question, why didn't you change 4 to (-1/4)?",0,,TRUE,knowledge,irrelevant,irrelevant
8TJQhQ2GZ0Y,Ugw0aXPjZLDn8j-VGhV4AaABAg,math,Im wondering why he didnt have silver after gold?,0,,FALSE,knowledge,irrelevant,irrelevant
10I_TVuYLkQ,Ugwi72m6c10K0HeYwYx4AaABAg,math,"What is the ""in""  please care to explain",0,4,FALSE,comprehension,irrelevant,knowledge
8TJQhQ2GZ0Y,UgxUJFZNNl3CU7Ywil54AaABAg.9IlNcrdjkOJ9IqZfVY05CO,math,Facts I don't understand how you can advance a career when you are struggling with producing positive results or am I interpreting her question wrong?,0,,TRUE,irrelevant,irrelevant,irrelevant
8TJQhQ2GZ0Y,UgxCk9ktCJeOga-pR6J4AaABAg,math,How is this better than simply living below your means and investing the difference?,1,,FALSE,analysis,evaluation,evaluation
wvXDB9dMdEo,Ugw_K1UUbE4Dg81uJhF4AaABAg.9_E4NqJBURg9_JHFQfe-Tp,math,"Isn't it cheaper to just hold and accumulate?pls, do you work with an expert?",0,,TRUE,irrelevant,irrelevant,irrelevant
HgC1l_6ySkc,UgzFxvWWOved3SUl0DN4AaABAg,math,"Within this subspace, I can pick any two vectors as my eigenvectors, even if they're not orthogonal, can't I?",0,1,FALSE,knowledge,comprehension,evaluation
5RSMLgy06Ew,UgjVkqBFpt8mHXgCoAEC,math,Don't I have to somehow ALSO prove that there is no other possible cases?,0,1,FALSE,irrelevant,irrelevant,irrelevant
YP_B0AapU0c,UgikR8Qrxnmc23gCoAEC,math,21:25 Why are people laughing?,0,4,FALSE,irrelevant,irrelevant,irrelevant
xxpc-HPKN28,UgxCVgE6qXTw0ZH6peR4AaABAg,math,Ever get bored and your like hey what if I learned stats,0,,FALSE,irrelevant,irrelevant,irrelevant
xxpc-HPKN28,Ugy7Lr0EALKvJB4VFcB4AaABAg,math,Who else is here to pass the linkedin tests,0,,FALSE,irrelevant,irrelevant,irrelevant
Tz14rC0XvHI,Ugy0ts9YeRb20xyiIuR4AaABAg,math,"I can see why an integral under a 2d curve is useful to calculate that area if extruded for instance, but what are some practical applications of a line integral over a surface?",0,,FALSE,synthesis,analysis,application
wu8kXZSAp20,UgxhcOYxx9oPCdiD6kR4AaABAg,math,"I cant understand why avg (divf) in D= avg(-u sub t) in D ,then Divf= -u sub t?",0,,FALSE,comprehension,irrelevant,analysis
#NAME?,UgzU3PF1lL4DGyqP5t94AaABAg.8tB8ba9wAdpA2GP90mgTVa,math,Crazy how 5 years later Im in your shoes and using this as last minute studying,0,,TRUE,irrelevant,irrelevant,irrelevant
_Zqcxbjzyxg,UgziDQhy8UNRBBJJ9-Z4AaABAg.8xEXFk006JR9gLX7x7fjYN,math,"@Carl Hansen  Do you seriously not understand that it is a NECESSARY condition, otherwise people can't engage in your hypothetical?",0,,TRUE,analysis,irrelevant,irrelevant
13r9QY6cmjc,UgyFNTfa0KdEzPjHEAh4AaABAg,math,It always shits me how quickly the students clammer to get out of the class.how are you not absolutely dumbfounded by the profundity of what this great man is laying down!!!,0,,FALSE,irrelevant,irrelevant,irrelevant
cdZnhQjJu4I,Ugwx77L5MQi7q_RYjId4AaABAg,math,38:46 Professor: Did I tell you about product of the eigenvalues?,0,1,FALSE,knowledge,irrelevant,irrelevant
eG_aRPy1KVE,Ugw5kSBusx-hwE3Zieh4AaABAg.8gC_E55cnm_9S3ps0UOOBa,math,Are you up to 50% yet?,1,,TRUE,irrelevant,irrelevant,irrelevant
CgfkEUOFAj0,UgzqWKsSq7V_LFbzVL14AaABAg,math,How he related mass-spring systems to matrices?,1,,FALSE,analysis,analysis,analysis
JibVXBElKL0,UgxsPa1Rl0aMwFLGriB4AaABAg,math,Couldn't the commentary at 30:19 about 'quarter' lead to some misunderstanding about cardinality of R^2?,0,,FALSE,analysis,evaluation,analysis
eG_aRPy1KVE,Ugz5WcDmQfhmAxfxtKJ4AaABAg,math,What th heck first question was quite long to thse poor young mind...good professor never give an answer easly...let thme suffer :-),1,,FALSE,irrelevant,irrelevant,irrelevant
TnS8kI_KuJc,UgwCRfZbauFpQ4kx25J4AaABAg.91da-95og259fqXPjACPur,math,This did not age well?,1,,TRUE,irrelevant,irrelevant,irrelevant
TQvxWaQnrqI,UgwdeXuTFc-mlPj7lEN4AaABAg,math,"When prof says let's choose X1=1 at 9:48 and at 11:02, where prof get that 1 actually?",0,1,FALSE,knowledge,irrelevant,irrelevant
VqP2tREMvt0,UgzH-k_P9WlLMDPbcSZ4AaABAg,math,Are you guys talking later about the Ker and Im of a matrix ?,0,,FALSE,irrelevant,irrelevant,irrelevant
rBVi_9qAKTU,Ugxw7Wb08GKRGFN_DVl4AaABAg,math,But the question is still: how do antiderivatives really work?,0,,FALSE,knowledge,irrelevant,comprehension
0MtwqhIwdrI,UgybNUBG9lQaCuHszLR4AaABAg.99voGhFKP849G6eeRes409,math,@dianel.9238 What Q are you talking about?,0,,TRUE,irrelevant,irrelevant,irrelevant
hvJkCMzFiX8,UgzpNeZV0RR8-Zb5lXB4AaABAg,math,3:24 why don't we subtract a times -b^2/4a since its being multiplied by a,1,1,FALSE,comprehension,irrelevant,irrelevant
TuTmC8aOQJE,UgwxjjnABdg-6Iun11J4AaABAg,math,Anyone know some way to get the solutions for the assignments?,0,,FALSE,irrelevant,irrelevant,irrelevant
eG_aRPy1KVE,UgxsE7APBUlrg3zw75l4AaABAg.9MlDWUjRd9m9jZduT0UuK1,math,"Is he hinting that he's worked out something that will fundamentally change how assets are priced/discounted, or something of similar scope and magnitude?",0,,TRUE,analysis,irrelevant,evaluation
VqP2tREMvt0,Ugzpj-S2pdu1HU7iRih4AaABAg,math,"so, one question for anyone expert on this or understands it, how does X = [-F I], becomes [-1 -1 1] in the end?",0,2,FALSE,comprehension,irrelevant,analysis
#NAME?,UgwSf_l6EG15Sp4uI4x4AaABAg,math,idk why people disliked this,0,,FALSE,irrelevant,irrelevant,irrelevant
tM4TDL9Hj8U,UgwfazPERdQtiSPSAr54AaABAg.93wMKT0bIVM9gE8fLgIgOL,math,exactly what I was thinking,1,,TRUE,irrelevant,irrelevant,irrelevant
rBVi_9qAKTU,Ugy_IZijlDHRinDaAAp4AaABAg,math,"Are we there yet, zeno?",0,,FALSE,irrelevant,irrelevant,irrelevant
8o5Cmfpeo6g,UgwpesYWK9VQ1RGBEah4AaABAg,math,"Reasonable questions but feels like ""Bueller?",0,,FALSE,irrelevant,irrelevant,irrelevant
MNU5DT-CDrc,UgwzosY6EeNY2cWDsZt4AaABAg,math,Why didn't dy in place of dx?,0,1,FALSE,irrelevant,irrelevant,irrelevant
z8HKWUWS-lA,UghBQAZk39R2F3gCoAEC,math,How about 'Theory of computation' and 'Intro to Artificial Intelligence'?,3,2,FALSE,irrelevant,irrelevant,knowledge
fy45qX8cUwQ,Ugz5l2eT6SXEgB1iZmJ4AaABAg,math,What if there is a mod,2,,FALSE,irrelevant,irrelevant,irrelevant
#NAME?,Ugx2ZID1CvlCxf2EJuN4AaABAg.97Of45BCS8V9SD5EwHTgVh,math,HOW DO U KNOW THAT?,1,,TRUE,irrelevant,irrelevant,irrelevant
ufgY237M5KQ,UgwlF2FE3fnszsoumRl4AaABAg,phy,How do we know that in which direction we should incline the plane.,0,,FALSE,knowledge,irrelevant,application
BVgemK1Y2wA,UgxKGhCvhR8BDRIvK0h4AaABAg.9Q9GGLT9uQ99XBAYlTGo0_,phy,Do you guys have any account that has subscribed to his channel on Patreon?,0,,TRUE,irrelevant,irrelevant,irrelevant
G1mZutobxDU,Ugx1Qer9g7qazQZeuEF4AaABAg,phy,do you know how to do it the opposite way around?,0,1,FALSE,knowledge,irrelevant,irrelevant
52R61aSWHg0,UgwfQ-Pag-DZzxakAJZ4AaABAg,phy,I take a test tomorrow to qualify for a nuclear power job for the navy.thank you for these teachings!,3,2,FALSE,irrelevant,irrelevant,irrelevant
q1eor6oIuUo,UgxaLbWWAjUCoqdNZH54AaABAg,phy,"how the hell do i find u everywhere, it's like u know everything",0,,FALSE,irrelevant,irrelevant,irrelevant
5uftqyvUKSc,Ugw3Q5UNM9r6Tx5XaBh4AaABAg.9iAZ2cJtQUU9o56SEae3wp,phy,"Out of curiosity, how'd the rest of the semester turn out?",0,,TRUE,irrelevant,irrelevant,irrelevant
g550H4e5FCY,Ugz4a9F78mt4JsVjWOV4AaABAg,phy,"2hrs before  exams, yet understood what was missing, thank you",1,,FALSE,irrelevant,irrelevant,irrelevant
WOEvvHbc240,UgiT6VTCNdHCqngCoAEC,phy,where I can learn to make these kind of animations?????,0,1,FALSE,knowledge,irrelevant,irrelevant
qV4lR9EWGlY,UgwEnwXXwRtJgZjH_tl4AaABAg,phy,Do we call it energy?,0,,FALSE,irrelevant,irrelevant,irrelevant
kCp5yYjo9zE,Ugw4gc7ZRHpTMlUJ5ip4AaABAg,phy,question: ar 21:05 shouldn't you be multiplying by 1x10^-6 to get micro coulumbs not dividing?,0,1,FALSE,analysis,irrelevant,irrelevant
a20C08qmC_o,Ugxr4R_f-0i5D0NcbOh4AaABAg,phy,"how do you know that the critical angle is equal, bigger, or smaller than the incidence angle?",0,1,FALSE,analysis,analysis,analysis
IQ4LGQRBhrc,UgzNocpx-ezmjzTLOyB4AaABAg.9TjgZpcMzVT9wRq_CIFNCK,phy,Can you tell me where you explain how Accumulation is part of Integration?,1,,TRUE,knowledge,irrelevant,comprehension
tfItlGfPHyo,UgxcUhNRhsXCBrLzbnx4AaABAg,phy,How do you know everything???,7,1,FALSE,irrelevant,irrelevant,irrelevant
IRBfpBPELmE,Ugi18ewuum9gXngCoAEC,phy,wheres the carton her's head?!?!?!?,0,,FALSE,irrelevant,irrelevant,irrelevant
l2yuDvwYq5g,UgxRA6ByZ0XMf0HVNAN4AaABAg.9gpHSVMM3Gj9gpH_BRUP7S,phy,"HEH WOW, Well thats a word now isnt it?""",0,,TRUE,irrelevant,irrelevant,irrelevant
OoO5d5P0Jn4,UgghArz872kJIXgCoAEC,phy,When's the first video coming out ahhhh,1,,FALSE,irrelevant,irrelevant,irrelevant
1bhlPWXM9nU,UgyzTt86HKlhmH44Fqp4AaABAg,phy,why and how batteries become to add up their individual voltages to yield total voltage when they are in series?,1,1,FALSE,comprehension,comprehension,analysis
DjQl4J-jePc,UgwsaQZisiSwSUpZuax4AaABAg.8lcNOAvrW4x96TbHCwzAjG,phy,How did he saved your life!?!?,6,,TRUE,irrelevant,irrelevant,irrelevant
jLJLXka2wEM,UgisvLvNAgoDUHgCoAEC.8CgeZq2UJOv8ChX0k398dW,phy,What would be the solution for (t) in that case?,0,,TRUE,knowledge,irrelevant,irrelevant
TFlVWf8JX4A,Ugw4B-4u2OvaP0weBO14AaABAg.8Y1K1wSh8gR8d49hMFWl6l,phy,"Yeah, try doing each step different in your calculator, I get 2.3x10^-8 since (2.56x10^-38/1x10^-38) zero out at the power levels and end up with 2.56 tines the constant",0,,TRUE,irrelevant,irrelevant,irrelevant
pL2YfC-22Uc,UgxQjPyWyGY189o9faZ4AaABAg.8Yi7eCJ3-w68cpFWV-ly6t,phy,electronic budder probably because students taking ochem need physics for their degree?,1,,TRUE,analysis,irrelevant,irrelevant
R1QN_0fcZ_8,UgyTuKUedX5ve-_QXZJ4AaABAg.9L35C9W7n869Vjb3-n5VUR,phy,Did you find the answer yet?,0,,TRUE,irrelevant,irrelevant,irrelevant
GAegAHnfkMs,UgxL_R51QNfk3_7zJm94AaABAg,phy,why would anyone dislike this bro it is such a helpful learning video UwU,31,5,FALSE,irrelevant,irrelevant,irrelevant
-KfG8kH-r3Y,UgwAi9Ni_y8WibqPDLF4AaABAg,phy,"If we bought the YouTube membership, do we have access to those Patreon videos?",0,,FALSE,irrelevant,irrelevant,comprehension
c6ndD5kTkP4,UgyTBTs9fhj0kd3f1W14AaABAg,phy,Bruh how can someone be this GOOD at teaching!,0,,FALSE,irrelevant,irrelevant,irrelevant
CwkhvFlNFp0,UgyIk8As4RqSVYio8VV4AaABAg,phy,Does this make up for grade 11 physics as well?,2,3,FALSE,irrelevant,irrelevant,irrelevant
AWnvUSWvARU,UgybMUOMD4yCCnCfK1Z4AaABAg,phy,What lessons do I need to learn for grades 11 - 12 (or just senior and junior high I think?),1,,FALSE,irrelevant,irrelevant,irrelevant
8NLzuURxFwY,Ugz98aRSOstam51-3Np4AaABAg.8rL2MBwQzYJ9_ghfjpYWbu,phy,"@The world needs peace, not war 8how did it go?",0,,TRUE,irrelevant,irrelevant,irrelevant
OoO5d5P0Jn4,UgieVRflvL8Bv3gCoAEC,phy,When will the physics section start ?,0,,FALSE,irrelevant,irrelevant,knowledge
w3BhzYI6zXU,UggF_3b0lE8jpXgCoAEC.8Czysv3C3zi8DNgmSmg82b,phy,#NAME?,0,,TRUE,irrelevant,irrelevant,irrelevant
7kb1VT0J3DE,Ugy5O_rTmB1INW9x7HF4AaABAg,phy,could you please get harry and cisco to explain this?,0,,FALSE,irrelevant,irrelevant,irrelevant
rHgKLIYcZOI,UgxjxXSvuQJpLmqHEud4AaABAg,phy,Is this university level physics?,0,9,FALSE,knowledge,irrelevant,knowledge
PoG14wRRQmM,UgzfIXOZ2uSOsCdyW494AaABAg,phy,Are some of the same formulas used when looking at convection currents in the earths mantle?,0,,FALSE,knowledge,comprehension,comprehension
EX52BuZxpQM,UgzA_jH_p_aoeBGzWtp4AaABAg.9IQnrRHWxEd9gKywD4LMTu,phy,It's insane how much knowledge this guy has,5,,TRUE,irrelevant,irrelevant,irrelevant
6qiYcyhI158,UgzYAJfb0KCJEtuFWdd4AaABAg,phy,how about celcius to fahrenheit?,0,,FALSE,irrelevant,irrelevant,knowledge
_Gnke2x3vT8,UgzgPXdSYk5-eKQSPld4AaABAg.98bEj5EpGpH9N0BPEKyQnK,phy,"@jadeduniverse2988 Lmao how are u scrolling through the comments if u only have 20 min left  u prob in exam week rn, good luck",0,,TRUE,irrelevant,irrelevant,irrelevant
g550H4e5FCY,UgwlUYvvIRlD7j9Xx4t4AaABAg,phy,So how do so many things that Newton worked come to light as being described by Muslim scientists long before his discoveries?,1,,FALSE,irrelevant,irrelevant,comprehension
zTDgziJC-q8,Ugw6hGF_4oWmIHfjszR4AaABAg,phy,Was it given in the problem or calculated?,0,,FALSE,knowledge,irrelevant,irrelevant
iubb3eFBQ9U,Ugx-9buc-2jGOrUhQG54AaABAg,phy,"Second quick question: @44:41 why is the ""x"" value 0.4 instead of 0.6 (which is 0.2 + 0.4)?",0,1,FALSE,comprehension,irrelevant,irrelevant
yNO02qfMSwI,UgznBqkYrVaf233UNoJ4AaABAg,phy,Does anyone know the instagram of this guy?,0,,FALSE,irrelevant,irrelevant,irrelevant
BVgemK1Y2wA,UgyPbJccHf093P-Nnn54AaABAg,phy,"When the world needed him the most, he disappeared...",266,7,FALSE,irrelevant,irrelevant,irrelevant
ObHJJYvu3RE,Ugh8zyQ7E-FzcngCoAEC,phy,Which year of physics is it.,0,1,FALSE,irrelevant,irrelevant,irrelevant
QvnmfBqdVIQ,UgzhNyCs8vh0fKWVU2d4AaABAg,phy,"why didn't you use omega function,sine,cosine.you didn't mention the formula x=Asin(2pie t/T)  you cost me a final exam",0,,FALSE,knowledge,irrelevant,irrelevant
mdulzEfQXDE,Ugw0ka_NKXml7fMmji54AaABAg,phy,Amazing understanding and teaching of theory!,1,,FALSE,irrelevant,irrelevant,irrelevant
RR0sQeDAxgk,UgxZ1_Ecr7ojKgipF_d4AaABAg,phy,how can you get 0.472A and what is the value of e?,0,,FALSE,knowledge,irrelevant,irrelevant
TFlVWf8JX4A,Ugz8IAjLWtZAp40-nLZ4AaABAg,phy,Why does it get so quiet sometimes    :I,0,,FALSE,irrelevant,irrelevant,irrelevant
RU1u-js7db8,Ugis3cfqQ36tPXgCoAEC,cs,The most important board game in history?,25,3,FALSE,irrelevant,irrelevant,irrelevant
7Jr0SFMQ4Rs,Ugy7POrZZlf2QLe1jXd4AaABAg,cs,"Soooo, can we assume there will be a video on 3D graphics as well?",67,12,FALSE,irrelevant,irrelevant,irrelevant
3XkL0qQ21Oo,UgxjIX4TEWwxDMpgMEx4AaABAg,cs,"Ever imagine flying over the Eiffel tower, crossing the arctic, or exploring under water caves...?",0,,FALSE,irrelevant,irrelevant,irrelevant
QD3oCelHJ20,UgyXeOnYjrxFkwgc6mR4AaABAg,cs,"Second time reciever doesn't send acknowledgement, discards the duplicate data?",0,,FALSE,irrelevant,irrelevant,application
ORrStCArmP4,UgzFZE-OsKeEA98LLWZ4AaABAg,cs,Why there isn't any comment?,3,1,FALSE,irrelevant,irrelevant,irrelevant
FZGugFqdr60,UgzwLOm_NSEC9mvLX1J4AaABAg,cs,"So is one cycle fetch, decode, AND execute?",0,,FALSE, irrelevant,irrelevant,knowledge
O5nskjZ_GoI,UgwNutHa0JHVPqY3PPt4AaABAg,cs,is it me or does she sound un enthusiastic,0,,FALSE,irrelevant,irrelevant,irrelevant
bum_19loj9A,UgyuwwQMRf7uM-Ixnm14AaABAg,cs,"Hello, may i know what software you use for your presentation?",0,,FALSE,irrelevant,irrelevant,knowledge
O753uuutqH8,UgjTBADA4q5RZXgCoAEC,cs,But what was described is Modular Programming.,1,,FALSE,irrelevant,irrelevant,irrelevant
rVfZHWTwXSA,Ugz1T6L_wbsaKXZpzq54AaABAg,cs,"Isn't p of single ""point"" = 0?",0,1,FALSE,knowledge,irrelevant,irrelevant
nwDq4adJwzM,UgwAfsXyBcXsLXCBFcF4AaABAg,cs,Is the Enigma cypher a computer since it's programmable?,0,,FALSE,knowledge,irrelevant,evaluation
rurs7cdT5cc,UgzetjYCOVsFvlzk_F94AaABAg,cs,What are the materials you've given?,0,,FALSE,irrelevant,irrelevant,irrelevant
gI-qXk7XojA,UgzQXMLvGsVoTeIlVgl4AaABAg,cs,What about the XOr function,0,,FALSE,irrelevant,irrelevant,knowledge
A3ZUpyrnCbM,UgxBJa5zK2-fyvw_3v54AaABAg.9ErJIRw5SCN9ErL4uNJD0b,cs,@CSDojo okay .can you suggest me a good laptop for coding ?,0,,TRUE,irrelevant,irrelevant,application
uSKdjjw5zow,Ugy6nYaizqIVWeG1R4J4AaABAg,cs,How centrailized administration is an advantage,0,,FALSE,analysis,comprehension,analysis
7Jr0SFMQ4Rs,UgytHOAkQOSH9YCE6Yh4AaABAg.8W3HIsLFdBm8W3HjQSjI2I,cs,here you could potently build one with a big enough one https://www.kickstarter.com/projects/871405126/turing-tumble-gaming-on-a-mechanical-computer,5,,TRUE,irrelevant,irrelevant,irrelevant
rtAlC5J1U40,UggtNOW9jjSrHHgCoAEC.8Rq9HezLFIl8RzR3ZH_LFd,cs,Which one would you recommend?,1,,TRUE,irrelevant,irrelevant,irrelevant
bPVaOlJ6ln0,Ugw5eGW1tWBQky9ZbcZ4AaABAg,cs,When did cyber security become computer science?,0,,FALSE,irrelevant,irrelevant,irrelevant
zdgYw-3tzfI,UgwuphZIrHHoN31Zxf14AaABAg.8qjNY57OP1290MgsKi_nye,cs,did you ever do it?,0,,TRUE,irrelevant,irrelevant,irrelevant
ge09GjFUmKg,UgyPDfOgcdGs5NSH2md4AaABAg,cs,"Also, are the execution times fixed for the same size of dividend and divisor?",2,,FALSE,knowledge,irrelevant,analysis
4WtaFLayz_w,UgwpDeEe4uBJFG-AYxp4AaABAg.8nkbYLO__ht9CpN5-c0C5h,cs,@shokobata Then why is the answer not 10?,0,,TRUE,comprehension,irrelevant,irrelevant
0SkOjNaO1XY,Ugym0DRe2Xsp1gy0NKF4AaABAg,cs,A bit hard to follow from the start...,0,,FALSE,comprehension,irrelevant,irrelevant
yDTC6sbYFFE,UgwkpBNY17pkeBbqLjd4AaABAg,cs,"in MAC addressing, why the data didn't move away from the path in any branch network?",0,,FALSE,comprehension,irrelevant,comprehension
fpnE6UAfbtU,UgzNiuW4F0smSB-JejN4AaABAg,cs,I am asking this because I am like 99% sure that I'm not getting something right (which is what I think it is)?,6,7,FALSE,irrelevant,irrelevant,irrelevant
fpnE6UAfbtU,UgxNTi_t0BCNRzFxsqt4AaABAg,cs,I am a doctor... Why am I learning this?,0,1,FALSE,irrelevant,irrelevant,irrelevant
iE_kY2LVBKA,UgxLBkvXmMwE7Abc10d4AaABAg,cs,About the picture: Why are some dots green and some red?,8,1,FALSE,irrelevant,irrelevant,irrelevant
tpIctyqH29Q,UgzfFLenGCkIL5PTEQx4AaABAg,cs,"1:26 ""How operating systems work... or don't work"" blue screen of death",1,,FALSE,irrelevant,irrelevant,irrelevant
fpnE6UAfbtU,UgyrhKJ8BiXvLJhAqI14AaABAg,cs,But it's also connected to output so then how did she set input B to 1 when output was 0 before :o  I do understand the looped AND circuit will always output 0,0,,FALSE,comprehension,analysis,irrelevant
ReQiSK8W3Ag,Ugy-ve-son1RE6JW4uV4AaABAg,cs,sir your flow control is perfect!,8,1,FALSE,irrelevant,irrelevant,irrelevant
6-tKOHICqrI,UgxY4IrF_XPRpwyBVvZ4AaABAg,cs,When she stated Quantum Tunneling it blew my mind,0,,FALSE,irrelevant,irrelevant,irrelevant
FZGugFqdr60,UgzNdyWnReDNcl7UNmt4AaABAg,cs,"One doubt though, the instruction register contains last 4 digits as memory address but shouldn't memory address be 8 bit?",0,,FALSE,analysis,irrelevant,knowledge
tpIctyqH29Q,Ugi-bMFGiVJyuHgCoAEC,cs,<I.have [no+idea==       #what*I.am  {{doing}}         <<here(),0,,FALSE,irrelevant,irrelevant,irrelevant
_GzE99AmAQU,UgxUgjgarhhArKqtcUJ4AaABAg.8Yt4A3rAVsl8fJ42gkxQUj,cs,Do you really do that or is this whole botnet story just a joke,0,,TRUE,irrelevant,irrelevant,irrelevant
tpIctyqH29Q,UggHPnDrjW2S2ngCoAEC,cs,will this course include theory of algorithms intro??,0,,FALSE,irrelevant,irrelevant,knowledge
TQCr9RV7twk,Ugw3lS8miVJTjDMeTjp4AaABAg.937xkAfXHA196T9JRouEMe,cs,Which one are you referring to?,1,,TRUE,irrelevant,irrelevant,irrelevant
fpnE6UAfbtU,UgjKj28IPKBk93gCoAEC,cs,"So inside our gated latch, how does the charged or ""1"" state stay persistent even when it's disconnected from in and out?",0,,FALSE,comprehension,analysis,analysis
fpnE6UAfbtU,UgwCd91x1XwZcPL16at4AaABAg,cs,An 8 bit number should fit in 256 bit thing?,0,1,FALSE,comprehension,irrelevant,knowledge
KN8YgJnShPM,UgwOL4a0LeZUfNNp6cl4AaABAg,cs,your videos are good so thanks.can you tell me how you make these animation or which app your team use.plz,0,,FALSE,irrelevant,irrelevant,irrelevant
O5nskjZ_GoI,UgyrLt2hR9AKbbdQLIV4AaABAg,cs,"What an amazing start, you guys are awesome!!",1,,FALSE,irrelevant,irrelevant,irrelevant
hnDU1G9hWqU,UgwqCy4YluOz6B5CFGN4AaABAg,cs,Who is here to read a comment about that burp at 37:56?,0,,FALSE,irrelevant,irrelevant,irrelevant
rurs7cdT5cc,UgysOg9LyHvhkluFtjd4AaABAg,cs,System showing program or batch file how to fix,0,,FALSE, irrelevant,irrelevant,irrelevant
gG0xzEHH0iU,UgwNYlcaZfh9xfVWaPh4AaABAg,cs,So the window size can be dynamic here?,11,1,FALSE,irrelevant,irrelevant,irrelevant
8yjkWGRlUmY,UgxSCJ0WRQKS_fAP0zV4AaABAg,cs,or can I just use it interchangeably?,0,1,FALSE,irrelevant,irrelevant,irrelevant
ix5jPkxsr7M,Ugx7z4xfN2M1kBdyKeZ4AaABAg,cs,Which is the difference between this lecture and the 2021 lecture?,0,,FALSE,irrelevant,analysis,analysis
FnH1XUQsoD8,UgzOu0kLyl0GSpr1oyt4AaABAg,cs,Anyone who can help me understand how this situation will play out?,2,1,FALSE,irrelevant,irrelevant,irrelevant
SZJ7vBd-gL0,UgxbR9hWMUAJFAtT1Md4AaABAg,chem,Can you please make a video on the oxidation number method in balancing?,2,2,FALSE,irrelevant,irrelevant,application
0oRqBWZ4UyE,UgxcEQCg3-Ol8wcIrkB4AaABAg,chem,Thanks for the French lesson Chad :) So what subject will you be teaching next?,2,4,FALSE,irrelevant,irrelevant,irrelevant
_AWp5wedXiE,Ugzg8i5SeiLRTCXStpp4AaABAg,chem,Real asian does this?,0,1,FALSE,irrelevant,irrelevant,irrelevant
Qg7pQ_CYaIQ,UgwrDSs--jUDaJDEl254AaABAg.9EbAA-5MYHp9u5sZ3us6pA,chem,"Yeah, pretty lame, eh?",0,,TRUE,irrelevant,irrelevant,irrelevant
O192jrR80oo,UgykC09DmEaXHMuMS414AaABAg,chem,Shouldn't the answer to the clicker question be 'approximately 90 degrees' as the hybridisation of the central atom isn't considered in the hydrides of atoms in the nitrogen family below the second period according to 'Drago's Rule'?,0,,FALSE,comprehension,evaluation,evaluation
YkYeYhXUeEE,UgyaeTXUVaswl_ANlUV4AaABAg,chem,Where's the RV meth la- Ahem.,0,,FALSE,irrelevant,irrelevant,irrelevant
O192jrR80oo,UgzuYingga9sf_iMa-V4AaABAg,chem,From where does the energy transition come from?,8,2,FALSE,knowledge,irrelevant,knowledge
1h5sKZf1qyY,UgydVD6Qv8-cy7bZl8p4AaABAg.9aaQHrKSR_rA1Hm4CvOuTI,chem,Then those where the oxidation potentials,0,,TRUE,irrelevant,irrelevant,irrelevant
2vfQtwYkDtg,UgwZACt5HjKFhgvMI0F4AaABAg.9wE1K8cqqmJ9wJPmOIeEjQ,chem,@devpotato Friendly critics idk what youre talkin about,0,,TRUE,irrelevant,irrelevant,irrelevant
CFbo_nBdBco,UgypiYVO_sGxQic0LA54AaABAg.92tsCh7y0rU93SVol5RZ9L,phy,Same,1,,TRUE,irrelevant,irrelevant,irrelevant
Oh4m8Ees-3Q,UgjqdX9-rxCTs3gCoAEC.8NwFAE4_wyA8Ny22KOb8vQ,phy,What happens is that the light rays from your face reflect of the spoon and are inverted.,3,,TRUE,irrelevant,irrelevant,irrelevant
w4QFJb9a8vo,UgjwO-psz_wjrHgCoAEC,phy,4:52 did you pick the book up?,0,,FALSE,irrelevant,irrelevant,irrelevant
p1woKh2mdVQ,UgiY9qjPNUOr5ngCoAEC.8JAryZS5Ilm8JBL2nSV3Is,phy,But you need to get the pencils in the jar so I don't know if you can put holes in the lid of the jar?,0,,TRUE,irrelevant,irrelevant,irrelevant
9kgzA0Vd8S8,UgzBc17wrcWB-06V-Ft4AaABAg,phy,"What I love: And if you do put enough effort to work through these videos, perhaps by looking more into the subject presented, you will actually learn something.",0,,FALSE,irrelevant,irrelevant,irrelevant
HXOok3mfMLM,UgyJCf_FWjPpnLgodg14AaABAg,phy,Why do we even use conventional current?,0,,FALSE,comprehension,comprehension,comprehension
7MBawzone30,UgykX0FfCZkQ27HAEDJ4AaABAg,phy,When face reveal?,1,1,FALSE,irrelevant,irrelevant,irrelevant
AInCqm5nCzw,UgyRCgTCKoa_f1Mkt3V4AaABAg,phy,?,0,1,FALSE,irrelevant,irrelevant,irrelevant
fo_pmp5rtzo,UggpEiI4oLuf4ngCoAEC,phy,can you please remove the SSSSSS sound ?,1,,FALSE,irrelevant,irrelevant,irrelevant
kKKM8Y-u7ds,Ugzpww32-tXLi3rkQZl4AaABAg,phy,This video keeps reminding me how much dumb I am,0,,FALSE,irrelevant,irrelevant,irrelevant
K40lNL3KsJ4,UgwsrQk5ICWVVODKxPh4AaABAg,phy,M I the only one to watch it in 1.5x?,0,,FALSE,irrelevant,irrelevant,irrelevant
kKKM8Y-u7ds,UghNm7JP1mIaBngCoAEC,phy,is 49.05 kg force of earth gravity?,0,,FALSE,knowledge,irrelevant,knowledge
jz92oOkJFNA,UgyD_Id1AprkAzsMHdR4AaABAg,phy,This would give you a negative energy at the very end which would explain why it is dissipated right?,2,,FALSE,comprehension,irrelevant,comprehension
Ep1jIhHdf2A,UgyqomePsPp3bTIS7cV4AaABAg,phy,"F = 33 N  (Force of attraction)  G = 6.67 x 10^-11  But resolving it is so hard if you dont have distance and neither m, how do I do it, Im a highschool student but Im learning a lot plz help me, someone whoever",2,3,FALSE,application,irrelevant,application
WTLl03D4TNA,UgxW2kNyYD2KcpVnBD54AaABAg,math,Should i think complex plain as 4 dimensional to grasp it intuitively because it doesnt make sense at all like how multiplying complex eigenvector by unit 'i' will scale it in a way so its projection on real plane will be seen as rotation of components of real vectors?,0,,FALSE,analysis,evaluation,analysis
z8HKWUWS-lA,UgzRYsjLyB3Gfd3pGSB4AaABAg,math,38:08 Why is the base 0?,0,,FALSE,irrelevant,irrelevant,irrelevant
n9fgcm0Pwgs,UgxGTxhww7zFcqCYpGh4AaABAg,math,"And you guessed it, you can do the same with 2 %, 3 % and the likes: What's 7 % of 90?",141,16,FALSE,irrelevant,irrelevant,application
NuGDkmwEObM,UgiHu3CuU-c8u3gCoAEC,math,Can anyone please explain how do I go about proving Lemma 3 for a 15 Puzzle ?,2,1,FALSE,comprehension,irrelevant,comprehension
f9XFM8YLccg,Ugy8CeDp1sa6CbQyFE94AaABAg,math,Can we have a 2024 version?,0,,FALSE,irrelevant,irrelevant,irrelevant
_x1nCg2LfuA,UgxXOvrTD0XRfiOn5ZZ4AaABAg,math,can I factor the coefficient 3 from (-3xsinX + 3cosX) and put it on the left side?,0,,FALSE,application,application,application
M0SMSWM2oZA,UgwVbZn2bgCMzoTZ8Il4AaABAg,math,how come 1/cosine is gone?,0,,FALSE,knowledge,irrelevant,knowledge
pvLj1s7SOtk,Ugzmvyc2Jq10sxxFL_l4AaABAg.9JgPNn_DmSB9RdD57GOgo9,math,"What is the minimum x-value, and the maximum x-value that you can plug in to this equation.",0,,TRUE,irrelevant,irrelevant,analysis
sae1IoToQ0M,Ugw75U9iNLwQXfeqUNV4AaABAg,math,What do you Think about the euclid Algorithm for LCM and HCF?,5,1,FALSE,evaluation,evaluation,evaluation
5RSMLgy06Ew,UgxymDC9Obk2tp3J7TJ4AaABAg.94s94KpWfn497eYiDvNYmf,math,Maybe he did't pre-view the lecture note?,0,,TRUE, irrelevant,irrelevant,irrelevant
JnTa9XtvmfI,Ugyb0IraW8jyM3j3V-54AaABAg,math,Where the answers,0,,FALSE,irrelevant,irrelevant,irrelevant
pN7zitwRq58,UgjhNdSCtK1PUXgCoAEC,math,"If someone wouldn't mind explaining, how is it that when you're doing the force balance, you get: m1g = w1 - w2 m2g = w2 - w3 etc..",0,3,FALSE,comprehension,irrelevant,comprehension
#NAME?,Ugi6mIXCr7mbQ3gCoAEC.8Q57Bi0-bzE9JIirUhuVfa,math,Weird ha?,2,,TRUE,irrelevant,irrelevant,irrelevant
vZGvgru4TwE,Ugz4rENEtgfCJb3cKyh4AaABAg.9o6TC9YQufX9sWUKa9FQmh,math,"Does anyone have Calculus IV, PDE or mathematical physics courses suggestions?",7,,TRUE,irrelevant,irrelevant,irrelevant
1RLctDS2hUQ,UghcZOt2w9h1BHgCoAEC,math,lol thats stupid that they are teaching those easy stuff in MIT.they must know all those easy shit from highscool,0,3,FALSE,irrelevant,irrelevant,irrelevant
pmN9ExDf3yQ,UgzMgdov96TqWqFAmz94AaABAg,cs,Why do I need 32 bits to store an integer and not only 8 bits?,0,,FALSE,comprehension,comprehension,comprehension
3QhU9jd03a0,UgyX6AymRUQ_eS5KQFd4AaABAg,cs,WOO!,0,,FALSE,irrelevant,irrelevant,irrelevant
wQGwfBS3gpk,UgyLAJQ2BE49K-YsJa14AaABAg,cs,U don't how many people's were saved by ur channel i will pass my exam <3,4,,FALSE,irrelevant,irrelevant,irrelevant
fOvTtapxa9c,UgwVkbTgLUc5KKoK7T94AaABAg,cs,QUICK MAFS GANG?,38,1,FALSE,irrelevant,irrelevant,irrelevant
VwN91x5i25g,UgwKb--_bIQ0Ha6kpp94AaABAg,cs,Where Can I Get The Ppt Version Of The Slides You Are Using ?,0,,FALSE,irrelevant,irrelevant,irrelevant
gG0xzEHH0iU,UgzdgBlhT6BKA5sFgN94AaABAg,cs,If receiver is sending the NACK why there is need of timer in sender side ?,5,,FALSE,analysis,analysis,analysis
pmN9ExDf3yQ,UgxrRf5HX0deHuwocHN4AaABAg,cs,Waiting for the advanced concepts as well!,6,,FALSE,irrelevant,irrelevant,irrelevant
WwfhLC16bis,UgwoxxGF1EJkWmtkt2B4AaABAg,cs,For example next is initialized in the constructor to point to the next node but how would prev work?,0,,FALSE,comprehension,irrelevant,comprehension
3XkL0qQ21Oo,UgyCuklQeWQZqCFMudJ4AaABAg.8_bPQpa85AG8_bQ1bslBit,cs,(More to the point: How anyone living after both Nazi Germany and the Milgram Experiment believe most people will think twice about heinous orders?),0,,TRUE,irrelevant,irrelevant,irrelevant
1I5ZMmrOfnA,UgyHdxk-WO5uN-J4AMp4AaABAg,cs,"In all cases, is the carry bit just ignored?",0,,FALSE,knowledge,irrelevant,knowledge
zdgYw-3tzfI,UgxeUoroBFx0E_Sybyl4AaABAg,cs,Claro conciso evolutivo!,0,,FALSE,irrelevant,irrelevant,irrelevant
1GSjbWt0c9M,UgildbxYbUyFnXgCoAEC,cs,How about binary options?,0,,FALSE,irrelevant,irrelevant,irrelevant
4dqlSk_RPmI,Ugy0BADE2oxZYCk0pMh4AaABAg,cs,Because I have a line not cleared out and I would like to see how you do that?,0,,FALSE,irrelevant,irrelevant,irrelevant
O753uuutqH8,Ugj4No7hQDmMZngCoAEC,cs,"Is it just me, or to real software engineers see the comments to this video as mostly a bunch on in-experienced newbies who have learned some buzz-terms and see this an an opportunity to argue theory or what IDE/language is best?",210,3,FALSE,irrelevant,irrelevant,evaluation
FZGugFqdr60,Uggg8IBCI_1-nHgCoAEC.8QznwaQMlak8R-yCnAAkWR,cs,Is that the theory of rock music?,39,,TRUE,irrelevant,irrelevant,irrelevant
dPKvHrD1eS4,UgwCEajne4zr1YyRmVB4AaABAg,bio,?,0,,FALSE,irrelevant,irrelevant,irrelevant
_7rsH2loIY8,UgzjVHQ5Is-beGWaBTV4AaABAg,bio,Am I the only person who sings the song from the beginning at the end because it's too quiet?,0,,FALSE,irrelevant,irrelevant,irrelevant
qCLmR9-YY7o,Ugyqq70qyPSP9B252L14AaABAg,bio,I am asking because science is a never ending learning area and I REALLY NEED AN A!?!,0,,FALSE,irrelevant,irrelevant,irrelevant
00jbG_cfGuQ,UgxAnGppk5y6x0LlRpt4AaABAg,bio,"Only the """"power centers"" of the cell?",0,,FALSE,irrelevant,irrelevant,knowledge
YQb7Xq0enTI,Ugzm0qV_-l_KXMDfvDF4AaABAg,bio,And maybe a author?,0,,FALSE,irrelevant,irrelevant,irrelevant
k_9MTZgAhv0,Ughz_oO_Iwgt-ngCoAEC,bio,"Ernst is German for serious, I think?",0,,FALSE,irrelevant,comprehension,knowledge
jqy0i1KXUO4,UgzTRSi4Gr4KFp9rSNd4AaABAg,bio,Zone out for a little?,0,,FALSE,irrelevant,irrelevant,irrelevant
P-Ry4rRdDbk,Ugzy7WdXV7yMcj1_ggl4AaABAg.9IFdz6JwSIM9INlNCNSxW-,bio,https://mitadmissions.org/ Good luck!,2,,TRUE,irrelevant,irrelevant,irrelevant
dPKvHrD1eS4,UggGMjAvOyKWFXgCoAEC,bio,"And if so, how does diffusion increase the partial pressure of a gas to create an equilibrium situation?",0,,FALSE,analysis,comprehension,analysis
ZCsotMAYErk,UgxRHYRi3ZGX-ORiHJ14AaABAg.9qE1ksr1tWQA6ISmFCoNvP,bio,Morning before exam?,0,,TRUE,irrelevant,irrelevant,irrelevant
izRvPaAWgyw,Ugy4pKBAlKfnNjJFVYt4AaABAg,bio,watching to get pumped up for tomorrow's test!,0,,FALSE,irrelevant,irrelevant,irrelevant
Si6NbKqYEd8,UgzSVlp9HwxO96lbN0t4AaABAg,bio,"i know temp, wind, water..i just cant explain?",0,,FALSE,irrelevant,irrelevant,irrelevant
aTftyFboC_M,UgxJlZ18uMHsFNW9NpF4AaABAg,bio,Why does he never blink?,0,,FALSE,irrelevant,irrelevant,irrelevant
OBloWTHFPZc,Ugz4O-AzSSs_yAFivJF4AaABAg,bio,What beautiful notes.,1,,FALSE,irrelevant,irrelevant,irrelevant
WhFKPaRnTdQ,UghMMVSmfnpzm3gCoAEC,bio,is anyone waching this in 2016?,0,,FALSE,irrelevant,irrelevant,irrelevant
5031rWXgdYo,Ugw9vRQb2w-qnKXQj6h4AaABAg,bio,18:11. putting a comment by me to bookmark it,0,,FALSE,irrelevant,irrelevant,irrelevant
kgZRZmEc9j4,UgwAc9MGMAokCZmE3Bd4AaABAg,bio,Are you selling those giant name tags anywhere?,0,,FALSE,irrelevant,irrelevant,irrelevant